,Health_state
0,1
14,1
15,1
17,1
35,2
37,2
42,2
45,2
48,2
56,2
58,2
64,2
88,3
100,3
101,3
102,3
117,3
121,3
128,3
133,3
135,3
144,3
165,3
176,4
178,4
188,4
193,4
196,4
199,4
203,4
208,4
230,2
233,2
237,3
238,3
241,3
242,3
244,3
247,3
258,3
262,3
272,3
298,3
310,3
317,3
318,3
326,3
328,3
337,4
351,4
354,4
360,4
380,4
398,3
404,3
406,3
409,3
413,3
415,3
431,3
435,3
452,3
464,3
473,3
474,3
479,3
490,4
494,4
495,4
527,4
533,4
535,4
538,2
539,2
541,2
543,2
547,3
549,3
552,3
554,3
561,3
568,3
575,3
584,3
595,3
598,3
600,3
603,3
605,3
607,3
616,3
617,3
621,3
624,3
628,3
632,3
637,3
638,3
643,3
644,3
653,4
665,4
669,4
676,4
682,4
684,4
690,4
703,1
704,1
709,1
712,1
733,1
735,1
737,1
747,1
748,1
752,1
753,1
754,1
757,1
763,1
765,1
769,1
770,1
775,1
779,1
780,1
787,1
788,1
794,1
798,1
799,1
800,1
804,1
808,1
810,1
812,1
831,1
838,1
842,1
863,2
865,2
881,2
897,2
902,2
911,3
912,3
913,3
919,3
926,3
942,3
943,3
944,3
951,3
954,3
962,3
981,3
984,3
989,3
996,3
997,3
999,3
1011,4
1012,4
1015,4
1028,4
1031,4
1046,4
1050,4
1055,1
1061,1
1089,2
1101,2
1106,2
1109,2
1122,2
1123,2
1124,2
1142,3
1143,3
1154,3
1156,3
1166,3
1180,3
1182,3
1183,3
1184,3
1187,3
1202,3
1205,3
1209,3
1218,3
1240,4
1242,4
1260,4
1267,4
1268,4
1272,4
1286,2
1291,2
1295,2
1304,3
1305,3
1306,3
1314,3
1317,3
1328,3
1359,3
1372,3
1375,3
1378,3
1379,3
1380,3
1381,3
1382,3
1400,4
1429,4
1430,4
1431,4
1435,4
1451,1
1459,1
1465,1
1469,1
1470,1
1472,1
1484,1
1493,1
1497,1
1498,1
1507,1
1512,1
1515,1
1521,1
1530,2
1545,2
1561,2
1570,2
1576,3
1582,3
1586,3
1593,3
1600,3
1604,3
1605,3
1607,3
1612,3
1621,3
1623,3
1632,3
1637,3
1643,3
1644,3
1646,3
1653,3
1655,3
1659,3
1671,4
1688,4
1692,4
1698,4
1701,4
1709,4
1715,4
1719,4
1723,2
1726,2
1734,2
1741,2
1746,2
1747,2
1749,2
1755,3
1760,3
1761,3
1773,3
1775,3
1776,3
1779,3
1781,3
1783,3
1785,3
1791,3
1795,3
1806,3
1809,3
1813,3
1815,3
1823,3
1831,3
1833,3
1836,3
1840,3
1852,4
1853,4
1858,4
1862,4
1876,4
1881,4
1885,4
1915,1
1923,1
1929,1
1936,2
1943,2
1946,2
1956,2
1962,2
1965,2
1973,2
1976,2
1987,3
1991,3
1995,3
2015,3
2017,3
2020,3
2022,3
2030,3
2034,3
2040,3
2044,3
2050,3
2052,3
2072,3
2081,4
2082,4
2092,4
2104,4
2105,4
2116,4
2119,4
2138,1
2142,2
2148,2
2150,2
2151,2
2159,2
2163,2
2170,2
2173,2
2174,2
2200,3
2213,3
2216,3
2219,3
2239,3
2245,3
2248,3
2252,3
2257,3
2267,3
2268,3
2269,3
2270,3
2272,3
2273,3
2274,3
2277,3
2280,3
2300,4
2303,4
2309,4
2324,4
2331,4
2336,4
2337,4
2343,1
2347,1
2348,1
2354,1
2362,1
2366,1
2368,1
2370,1
2371,1
2393,2
2396,2
2403,2
2409,2
2413,2
2430,2
2432,2
2435,3
2440,3
2451,3
2463,3
2473,3
2477,3
2480,3
2481,3
2482,3
2487,3
2488,3
2490,3
2491,3
2502,3
2514,3
2527,3
2533,4
2537,4
2557,4
2561,4
2563,4
2578,4
2582,4
2596,2
2597,2
2599,2
2607,2
2612,2
2625,2
2628,2
2632,2
2636,2
2641,2
2655,3
2656,3
2658,3
2660,3
2674,3
2675,3
2678,3
2684,3
2695,3
2698,3
2704,3
2714,3
2719,3
2736,3
2745,4
2750,4
2765,4
2781,4
2782,4
2796,3
2809,3
2815,3
2826,3
2837,3
2866,3
2868,3
2873,3
2879,3
2880,3
2889,4
2895,4
2905,4
2908,4
2943,2
2951,2
2955,2
2958,2
2961,2
2963,2
2966,2
2967,2
2969,3
2981,3
2982,3
2985,3
2991,3
2992,3
2993,3
2999,3
3009,3
3027,3
3029,3
3030,3
3032,3
3059,3
3082,4
3101,4
3103,4
3104,4
3112,4
3113,4
3125,2
3127,2
3133,2
3146,3
3148,3
3150,3
3157,3
3163,3
3164,3
3165,3
3168,3
3195,3
3196,3
3206,3
3209,3
3210,3
3214,3
3216,3
3219,3
3221,3
3229,3
3235,3
3236,3
3240,4
3261,4
3289,4
3291,1
3298,1
3301,1
3303,1
3305,1
3309,1
3318,2
3327,2
3335,2
3340,2
3341,2
3342,2
3346,2
3349,2
3350,2
3356,2
3365,2
3367,2
3391,3
3397,3
3407,3
3432,3
3442,3
3444,3
3452,3
3453,3
3474,4
3476,4
3477,4
3478,4
3479,4
3480,4
3491,4
3497,4
3500,4
3501,4
3504,4
3509,4
3517,4
3530,2
3539,2
3541,2
3542,2
3554,2
3563,2
3571,3
3575,3
3576,3
3579,3
3581,3
3582,3
3604,3
3610,3
3613,3
3614,3
3616,3
3617,3
3618,3
3625,3
3631,3
3633,3
3665,4
3670,4
3691,4
3702,4
3703,4
3709,4
3720,2
3723,2
3725,2
3730,2
3733,3
3748,3
3751,3
3761,3
3763,3
3787,3
3793,3
3795,3
3812,3
3818,3
3819,3
3820,3
3822,3
3832,4
3840,4
3844,4
3851,4
3853,4
3855,4
3858,4
3861,4
3865,4
3869,4
3876,4
3878,4
3886,3
3889,3
3892,3
3904,3
3913,3
3923,3
3924,3
3926,3
3929,3
3936,3
3948,3
3951,3
3952,3
3956,3
3970,3
3974,3
3977,3
3987,4
3988,4
4002,4
4003,4
4017,4
4032,4
4035,1
4039,1
4047,2
4052,2
4055,2
4057,2
4060,2
4067,2
4095,3
4104,3
4108,3
4111,3
4114,3
4115,3
4129,3
4144,3
4153,3
4158,3
4164,3
4165,3
4182,3
4190,4
4194,4
4195,4
4196,4
4208,4
4214,4
4221,4
4235,4
4241,1
4246,2
4257,2
4259,2
4269,2
4274,2
4280,2
4282,2
4283,2
4285,2
4289,2
4291,2
4292,2
4301,3
4304,3
4310,3
4311,3
4325,3
4344,3
4353,3
4357,3
4359,3
4362,3
4363,3
4365,3
4371,3
4387,3
4389,3
4399,4
4400,4
4416,4
4433,4
4446,1
4449,1
4450,1
4451,1
4453,1
4465,2
4470,2
4471,2
4474,2
4475,2
4492,2
4497,2
4509,3
4514,3
4519,3
4529,3
4536,3
4548,3
4567,3
4572,3
4573,3
4574,3
4575,3
4584,3
4592,3
4595,3
4598,3
4602,3
4603,3
4607,4
4615,4
4616,4
4620,4
4626,4
4628,4
4640,4
4654,4
4664,2
4665,2
4673,2
4679,2
4680,2
4681,2
4682,2
4684,2
4694,2
4697,3
4702,3
4710,3
4711,3
4726,3
4736,3
4743,3
4744,3
4749,3
4754,3
4757,3
4767,3
4771,3
4773,3
4782,3
4783,3
4794,3
4799,4
4819,4
4820,4
4825,4
4832,4
4835,4
4841,4
4846,4
4849,1
4855,1
4870,1
4872,1
4887,1
4895,1
4902,1
4932,2
4939,2
4940,2
4950,2
4961,2
4964,2
4968,2
4993,3
4997,3
5024,3
5025,3
5028,3
5064,3
5074,3
5078,4
5083,4
5085,4
5086,4
5087,4
5090,4
5098,4
5099,4
5102,4
5107,4
5110,4
5128,1
5129,1
5130,1
5134,1
5140,2
5142,2
5145,2
5154,2
5164,2
5190,3
5192,3
5193,3
5195,3
5206,3
5208,3
5213,3
5218,3
5219,3
5222,3
5231,3
5233,3
5240,3
5252,3
5255,3
5258,3
5278,3
5281,3
5282,3
5284,3
5286,3
5297,4
5313,4
5317,4
5334,4
5344,2
5352,2
5356,2
5360,2
5383,3
5385,3
5391,3
5400,3
5402,3
5404,3
5408,3
5415,3
5419,3
5426,3
5430,3
5431,3
5438,3
5440,3
5444,3
5456,3
5461,3
5467,4
5474,4
5483,4
5484,4
5495,4
5497,4
5509,4
5510,4
5513,4
5518,1
5523,1
5524,1
5531,1
5532,1
5558,1
5581,1
5582,1
5592,1
5593,1
5605,2
5630,2
5643,2
5648,3
5656,3
5660,3
5665,3
5678,3
5692,3
5693,3
5702,3
5706,3
5712,3
5715,3
5722,3
5723,3
5756,4
5778,4
5789,4
5791,4
5805,1
5808,1
5814,1
5837,2
5847,2
5849,2
5851,2
5866,2
5876,3
5889,3
5890,3
5933,3
5946,3
5948,3
5949,3
5968,3
5973,4
5981,4
5989,4
5990,4
5991,4
5995,4
6004,4
6021,4
6023,2
6025,2
6031,2
6032,2
6034,2
6037,2
6064,2
6072,3
6078,3
6079,3
6081,3
6087,3
6088,3
6102,3
6108,3
6131,3
6134,3
6147,3
6151,3
6154,3
6162,3
6164,3
6168,3
6173,4
6177,4
6180,4
6184,4
6189,4
6194,4
6198,4
6201,4
6209,4
6221,4
6223,1
6234,1
6247,1
6256,1
6268,1
6281,1
6286,1
6289,1
6292,1
6298,1
6311,2
6318,2
6320,2
6322,2
6332,2
6337,2
6343,2
6344,2
6347,2
6385,3
6393,3
6396,3
6399,3
6400,3
6407,3
6417,3
6418,3
6420,3
6421,3
6430,3
6431,3
6434,3
6442,3
6447,3
6450,3
6453,3
6455,4
6464,4
6466,4
6470,4
6478,4
6479,4
6488,4
6496,4
6500,4
6504,4
6505,2
6506,2
6515,2
6524,2
6529,2
6541,2
6560,3
6568,3
6571,3
6594,3
6599,3
6621,3
6624,3
6634,3
6639,3
6653,4
6656,4
6670,4
6681,4
6690,4
6694,4
6696,4
6707,1
6715,1
6716,1
6719,1
6725,1
6728,1
6746,1
6750,1
6757,1
6758,1
6759,1
6768,1
6776,1
6780,1
6787,2
6788,2
6792,2
6794,2
6803,2
6805,2
6807,2
6814,2
6815,2
6816,2
6820,2
6825,2
6833,2
6847,3
6855,3
6861,3
6862,3
6874,3
6876,3
6880,3
6888,3
6897,3
6900,3
6906,3
6911,3
6921,3
6939,4
6940,4
6951,4
6952,4
6960,4
6993,1
7001,1
7002,1
7005,1
7011,1
7014,1
7032,1
7036,1
7043,1
7044,1
7045,1
7054,1
7062,1
7066,1
7073,2
7074,2
7078,2
7080,2
7089,2
7091,2
7093,2
7100,2
7101,2
7102,2
7106,2
7111,2
7119,2
7133,3
7141,3
7147,3
7148,3
7160,3
7162,3
7166,3
7174,3
7183,3
7186,3
7192,3
7197,3
7207,3
7225,4
7226,4
7237,4
7238,4
7246,4
7273,2
7292,2
7297,2
7299,2
7300,2
7301,2
7303,2
7304,2
7312,3
7323,3
7324,3
7326,3
7336,3
7337,3
7341,3
7344,3
7347,3
7351,3
7352,3
7356,3
7357,3
7361,3
7362,3
7368,3
7381,3
7383,3
7384,3
7391,3
7393,3
7395,3
7398,3
7401,3
7409,4
7412,4
7426,4
7428,4
7430,4
7432,4
7436,4
7456,4
7458,3
7460,3
7465,3
7467,3
7468,3
7469,3
7472,3
7473,3
7475,3
7476,3
7480,3
7486,3
7488,3
7489,3
7503,3
7518,3
7530,3
7536,3
7538,3
7556,4
7563,4
7566,4
7567,4
7572,4
7577,4
7578,4
7583,4
7589,4
7594,4
7601,4
7604,4
7609,2
7611,2
7616,2
7618,2
7619,2
7625,2
7627,2
7630,2
7637,3
7639,3
7642,3
7645,3
7657,3
7661,3
7676,3
7677,3
7684,3
7704,3
7715,3
7720,3
7721,3
7724,3
7726,3
7729,3
7753,4
7762,4
7771,4
7775,4
7781,4
7786,1
7789,1
7798,1
7800,1
7806,1
7814,1
7823,1
7828,1
7833,1
7837,1
7853,1
7855,1
7862,1
7863,1
7879,2
7881,2
7884,2
7885,2
7891,2
7902,2
7909,2
7933,3
7934,3
7946,3
7954,3
7979,3
7984,3
7986,3
7991,3
8001,3
8013,3
8030,4
8034,4
8044,4
8046,4
8051,4
8054,4
8056,4
8059,4
8061,4
8066,4
8073,2
8076,2
8079,2
8093,3
8102,3
8114,3
8121,3
8123,3
8135,3
8136,3
8137,3
8141,3
8149,3
8150,3
8154,3
8165,3
8166,3
8171,3
8173,3
8200,4
8201,4
8205,4
8207,4
8214,4
8222,4
8223,4
8226,4
8227,4
8232,2
8240,2
8241,2
8263,2
8267,3
8280,3
8292,3
8300,3
8309,3
8315,3
8339,3
8341,3
8342,3
8345,3
8347,3
8348,3
8353,3
8354,3
8357,3
8358,3
8364,3
8369,4
8374,4
8387,4
8410,4
8413,4
8422,2
8427,2
8428,2
8441,2
8448,2
8451,2
8467,2
8479,3
8482,3
8486,3
8498,3
8502,3
8503,3
8504,3
8514,3
8525,3
8526,3
8535,3
8538,3
8543,3
8550,3
8555,3
8556,3
8561,3
8570,4
8572,4
8589,4
8596,4
8609,4
8612,4
8613,4
8625,1
8626,1
8633,1
8649,1
8650,1
8669,2
8673,2
8677,2
8678,2
8684,2
8685,2
8693,2
8697,2
8699,2
8703,2
8711,3
8718,3
8722,3
8725,3
8731,3
8752,3
8754,3
8755,3
8758,3
8760,3
8775,3
8776,3
8777,3
8778,3
8779,3
8794,3
8811,4
8813,4
8849,4
8851,4
8860,1
8868,2
8870,2
8874,2
8895,2
8898,2
8902,2
8903,2
8904,2
8911,2
8917,2
8919,3
8941,3
8948,3
8949,3
8959,3
8963,3
8975,3
8978,3
8980,3
8985,3
8991,3
8992,3
8994,3
9001,3
9014,3
9039,4
9051,4
9058,4
9061,4
9064,4
9065,4
9072,1
9090,1
9092,1
9121,2
9155,3
9157,3
9161,3
9173,3
9181,3
9188,3
9191,3
9196,3
9197,3
9198,3
9199,3
9208,3
9220,3
9222,3
9225,3
9226,3
9241,3
9244,3
9245,3
9246,3
9251,4
9253,4
9260,4
9262,4
9266,4
9267,4
9273,4
9277,4
9284,4
9292,4
9295,4
9315,1
9340,1
9344,2
9346,2
9355,2
9364,2
9372,2
9373,2
9379,2
9385,2
9386,2
9388,2
9389,2
9392,2
9403,3
9414,3
9422,3
9438,3
9459,3
9462,3
9467,3
9474,3
9486,3
9487,3
9488,3
9498,4
9508,4
9528,4
9532,4
9533,4
9539,4
9542,4
9559,1
9573,1
9575,1
9580,1
9585,1
9587,1
9595,1
9606,1
9608,1
9609,1
9617,1
9633,2
9636,2
9640,2
9644,2
9646,2
9653,2
9654,2
9656,2
9683,3
9688,3
9689,3
9692,3
9697,3
9698,3
9703,3
9705,3
9710,3
9711,3
9717,3
9728,3
9739,3
9745,3
9751,3
9757,3
9759,3
9763,3
9765,3
9766,3
9773,4
9787,4
9792,4
9826,1
9828,1
9831,1
9834,1
9835,1
9849,2
9850,2
9853,2
9855,2
9884,2
9890,2
9894,2
9897,3
9906,3
9907,3
9909,3
9913,3
9918,3
9925,3
9927,3
9938,3
9944,3
9947,3
9969,3
9970,3
9974,3
9987,3
10014,4
10021,4
10035,4
10040,4
10046,4
10065,1
10071,1
10075,2
10080,2
10087,2
10101,2
10106,2
10107,2
10112,2
10116,2
10118,2
10127,3
10129,3
10134,3
10141,3
10145,3
10146,3
10147,3
10152,3
10161,3
10166,3
10172,3
10177,3
10183,3
10202,3
10207,3
10209,3
10213,3
10215,3
10226,4
10232,4
10239,4
10242,4
10248,4
10258,4
10270,4
10283,1
10290,1
10291,1
10294,1
10300,1
10306,1
10309,1
10310,1
10337,1
10338,1
10341,1
10342,1
10343,1
10344,1
10349,1
10376,2
10379,2
10388,2
10389,2
10391,2
10396,2
10397,2
10400,2
10406,2
10413,3
10417,3
10424,3
10425,3
10429,3
10433,3
10435,3
10442,3
10448,3
10469,3
10485,3
10489,3
10493,3
10494,3
10511,4
10518,4
10527,4
10532,4
10539,4
10540,4
10553,4
10555,4
10582,2
10588,2
10592,2
10594,2
10600,2
10604,2
10605,2
10607,2
10610,2
10619,2
10623,2
10635,3
10641,3
10644,3
10652,3
10653,3
10654,3
10663,3
10683,3
10689,3
10695,3
10708,3
10709,3
10715,3
10717,3
10721,3
10730,3
10735,4
10736,4
10739,4
10746,4
10764,4
10766,4
10768,4
10774,4
10778,4
10787,2
10808,2
10809,2
10829,3
10834,3
10835,3
10853,3
10855,3
10856,3
10857,3
10860,3
10870,3
10875,3
10876,3
10879,3
10886,3
10887,3
10892,3
10894,3
10898,3
10902,3
10905,3
10918,4
10919,4
10921,4
10931,4
10934,4
10937,4
10942,4
10956,4
10967,1
10972,1
10985,2
10987,2
10996,2
10998,2
11011,2
11013,2
11016,2
11022,2
11033,3
11035,3
11043,3
11047,3
11070,3
11083,3
11087,3
11092,3
11100,3
11113,3
11116,3
11118,3
11122,3
11123,3
11126,4
11129,4
11136,4
11141,4
11157,4
11185,1
11197,1
11204,1
11215,1
11223,1
11226,1
11229,1
11242,2
11247,2
11251,2
11252,2
11254,2
11267,2
11276,2
11291,3
11294,3
11297,3
11300,3
11301,3
11330,3
11342,3
11343,3
11353,3
11359,3
11370,3
11376,3
11381,3
11406,4
11408,4
11416,4
11419,4
11422,4
11438,1
11447,1
11459,1
11460,1
11472,1
11477,1
11482,1
11488,2
11490,2
11492,2
11508,2
11516,2
11521,2
11523,2
11524,2
11527,2
11529,2
11536,3
11541,3
11542,3
11545,3
11549,3
11553,3
11564,3
11565,3
11574,3
11585,3
11602,3
11610,3
11618,3
11619,3
11627,3
11633,4
11634,4
11650,4
11654,4
11657,4
11682,4
11687,3
11700,3
11706,3
11717,3
11728,3
11757,3
11759,3
11764,3
11770,3
11771,3
11780,4
11786,4
11796,4
11799,4
11835,2
11845,3
11868,3
11870,3
11876,3
11880,3
11883,3
11898,3
11900,3
11903,3
11907,3
11921,3
11927,3
11929,3
11935,3
11939,3
11941,3
11954,4
11963,4
11967,4
11988,4
11992,4
11993,3
11995,3
12009,3
12014,3
12022,3
12035,3
12036,3
12038,3
12047,3
12049,3
12055,3
12067,3
12085,3
12090,3
12095,4
12105,4
12111,4
12130,4
12155,3
12165,3
12168,3
12173,3
12174,3
12177,3
12188,3
12189,3
12194,3
12196,3
12199,3
12215,3
12222,3
12227,3
12229,3
12230,3
12231,3
12233,3
12243,4
12244,4
12245,4
12251,4
12254,4
12258,4
12269,4
12277,4
12289,4
12290,2
12294,2
12295,2
12301,2
12322,3
12323,3
12328,3
12331,3
12334,3
12345,3
12361,3
12368,3
12380,3
12383,3
12397,3
12411,4
12413,4
12416,4
12436,4
12439,4
12443,4
12446,4
12447,4
12464,1
12467,1
12468,1
12473,1
12484,1
12498,1
12511,1
12513,1
12518,1
12521,1
12524,1
12530,1
12531,1
12535,1
12538,1
12541,1
12546,1
12555,1
12558,1
12562,2
12565,2
12566,2
12573,2
12575,2
12576,2
12578,2
12579,2
12580,2
12581,2
12605,2
12612,3
12617,3
12630,3
12641,3
12650,3
12651,3
12653,3
12681,3
12690,3
12691,3
12701,3
12709,4
12711,4
12721,4
12728,4
12733,4
12739,4
12751,4
12758,4
12761,1
12766,1
12780,1
12784,1
12785,1
12788,2
12790,2
12798,2
12802,2
12809,2
12810,2
12813,2
12825,2
12841,3
12842,3
12854,3
12856,3
12858,3
12867,3
12874,3
12876,3
12889,3
12902,3
12904,3
12911,3
12914,3
12921,3
12923,3
12938,4
12954,4
12958,4
12960,4
12966,4
12971,4
12972,4
12984,4
12987,4
13007,1
13009,1
13032,2
13033,2
13039,2
13041,2
13051,2
13057,2
13061,2
13063,2
13068,2
13070,2
13071,2
13073,2
13079,3
13084,3
13093,3
13098,3
13103,3
13104,3
13109,3
13112,3
13113,3
13116,3
13126,3
13128,3
13131,3
13141,3
13144,3
13158,3
13168,3
13170,3
13179,4
13180,4
13182,4
13194,4
13198,4
13199,4
13208,4
13210,4
13212,4
13230,1
13237,1
13238,1
13253,1
13254,1
13266,1
13271,1
13276,1
13277,1
13280,2
13282,2
13286,2
13289,2
13300,2
13305,2
13309,2
13329,2
13330,3
13344,3
13350,3
13355,3
13361,3
13385,3
13389,3
13392,3
13402,3
13414,3
13420,3
13424,3
13434,4
13441,4
13444,4
13447,4
13456,4
13460,4
13462,4
13474,4
13487,3
13496,3
13501,3
13507,3
13512,3
13514,3
13517,3
13520,3
13523,3
13524,3
13527,3
13540,3
13549,3
13561,3
13580,3
13585,4
13593,4
13597,4
13602,4
13603,4
13610,4
13615,4
13627,4
13629,4
13651,2
13655,2
13672,2
13676,2
13688,2
13701,3
13710,3
13713,3
13719,3
13730,3
13740,3
13741,3
13753,3
13754,3
13755,3
13756,3
13761,3
13768,3
13782,3
13787,3
13793,4
13798,4
13806,4
13807,4
13811,4
13814,4
13817,4
13820,4
13827,4
13831,4
13837,4
13840,4
13843,2
13848,2
13850,2
13861,2
13871,2
13873,2
13901,3
13905,3
13909,3
13915,3
13919,3
13924,3
13927,3
13947,3
13948,3
13951,3
13954,3
13955,3
13958,3
13977,3
13992,4
13997,4
14004,4
14018,4
14032,4
14046,3
14047,3
14049,3
14057,3
14062,3
14075,3
14078,3
14082,3
14086,3
14091,3
14105,3
14106,3
14108,3
14110,3
14124,3
14125,3
14128,4
14134,4
14145,4
14148,4
14154,4
14164,4
14169,4
14180,1
14184,2
14191,2
14206,2
14214,2
14222,2
14223,2
14224,2
14236,3
14243,3
14258,3
14261,3
14275,3
14278,3
14279,3
14280,3
14290,3
14298,3
14307,3
14308,3
14314,3
14329,3
14331,4
14335,4
14339,4
14342,4
14368,4
14369,4
14376,4
14383,2
14385,2
14391,2
14393,2
14395,2
14423,3
14424,3
14428,3
14436,3
14439,3
14440,3
14447,3
14456,3
14468,3
14469,3
14479,3
14494,3
14498,3
14501,4
14504,4
14505,4
14507,4
14512,4
14523,4
14525,4
14527,4
14533,4
14538,4
14541,4
14549,4
14551,4
14558,2
14560,2
14577,3
14591,3
14597,3
14600,3
14603,3
14611,3
14615,3
14617,3
14623,3
14631,3
14639,3
14652,3
14663,3
14670,3
14671,3
14690,4
14693,4
14694,4
14714,4
14715,4
14721,4
14725,4
14728,1
14734,1
14756,2
14760,2
14764,2
14781,2
14783,2
14800,2
14807,3
14817,3
14828,3
14832,3
14836,3
14839,3
14841,3
14843,3
14850,3
14865,3
14870,3
14874,3
14875,3
14882,3
14889,3
14894,3
14897,3
14912,4
14923,4
14926,4
14930,4
14934,4
14949,4
14950,4
14951,4
14953,1
14959,1
14981,1
14985,1
14989,2
15006,2
15008,2
15025,2
15032,2
15042,3
15053,3
15057,3
15061,3
15064,3
15066,3
15068,3
15075,3
15090,3
15095,3
15099,3
15100,3
15107,3
15114,3
15119,3
15122,3
15137,4
15148,4
15151,4
15155,4
15159,4
15174,4
15175,4
15176,4
15179,4
15186,4
15199,1
15210,1
15218,1
15240,2
15248,2
15260,2
15267,2
15277,2
15280,2
15291,3
15296,3
15307,3
15308,3
15321,3
15328,3
15330,3
15334,3
15335,3
15337,3
15362,3
15371,3
15373,3
15376,3
15389,4
15398,4
15403,4
15405,4
15406,4
15413,4
15418,4
15419,4
15429,4
15440,2
15441,2
15447,2
15448,2
15450,2
15452,2
15454,2
15456,2
15463,2
15466,2
15469,2
15476,2
15485,3
15492,3
15521,3
15527,3
15534,3
15540,3
15541,3
15555,3
15561,3
15562,3
15563,3
15564,3
15570,3
15575,3
15578,4
15579,4
15582,4
15586,4
15595,4
15625,4
15636,2
15646,2
15649,2
15657,2
15662,2
15669,3
15672,3
15676,3
15691,3
15693,3
15694,3
15699,3
15701,3
15716,3
15717,3
15725,3
15726,3
15728,3
15747,3
15748,3
15749,3
15777,4
15781,4
15785,4
15790,4
15796,4
15798,4
15804,4
15813,4
15816,3
15825,3
15828,3
15834,3
15843,3
15849,3
15860,3
15865,3
15873,3
15884,3
15888,3
15891,4
15892,4
15896,4
15903,4
15908,4
15911,4
15925,4
15927,4
15929,4
15939,4
15952,2
15957,2
15959,2
15961,2
15962,2
15975,3
15976,3
15988,3
15994,3
15996,3
16002,3
16011,3
16027,3
16030,3
16047,3
16049,3
16052,3
16066,4
16069,4
16080,4
16086,4
16094,4
16098,4
16100,4
16107,4
16108,4
16112,4
16117,1
16124,1
16127,1
16129,1
16131,1
16135,1
16144,2
16153,2
16161,2
16166,2
16167,2
16168,2
16172,2
16175,2
16176,2
16182,2
16191,2
16193,2
16217,3
16223,3
16233,3
16258,3
16268,3
16270,3
16278,3
16279,3
16300,4
16302,4
16303,4
16304,4
16305,4
16306,4
16317,4
16323,4
16326,4
16327,4
16330,4
16335,4
16343,4
16357,1
16370,2
16386,2
16392,2
16397,2
16398,2
16402,2
16406,2
16418,2
16424,3
16441,3
16446,3
16466,3
16469,3
16476,3
16477,3
16493,3
16497,3
16513,3
16514,3
16521,4
16522,4
16528,4
16530,4
16531,4
16536,4
16537,4
16540,4
16560,4
16564,4
16575,1
16577,1
16580,1
16583,1
16584,1
16598,1
16599,1
16602,1
16604,1
16633,1
16639,1
16643,1
16646,1
16655,2
16656,2
16658,2
16662,2
16667,2
16674,2
16676,2
16687,2
16693,2
16696,2
16718,3
16719,3
16723,3
16736,3
16763,3
16770,3
16784,3
16789,3
16795,3
16796,3
16797,3
16806,4
16827,4
16851,4
16854,2
16858,2
16866,2
16880,2
16885,2
16890,2
16901,2
16904,3
16905,3
16912,3
16923,3
16924,3
16925,3
16941,3
16949,3
16950,3
16959,3
16963,3
16976,3
16989,3
16996,3
16997,3
17001,4
17005,4
17009,4
17015,4
17024,4
17025,4
17034,4
17037,4
17051,4
17052,1
17054,1
17065,1
17075,2
17085,2
17087,2
17089,2
17097,2
17098,2
17101,2
17125,3
17132,3
17139,3
17145,3
17158,3
17159,3
17170,3
17177,3
17179,3
17181,3
17185,3
17191,3
17192,3
17194,3
17197,3
17203,3
17213,3
17214,3
17218,3
17229,4
17230,4
17246,4
17254,4
17260,4
17261,4
17269,4
17282,1
17291,1
17293,1
17297,1
17305,1
17313,2
17317,2
17325,2
17330,2
17339,2
17346,2
17348,2
17356,3
17363,3
17369,3
17372,3
17380,3
17389,3
17393,3
17416,3
17425,3
17429,3
17451,3
17458,4
17460,4
17471,4
17483,4
17493,4
17494,4
17511,1
17515,2
17544,2
17551,2
17556,2
17584,3
17589,3
17591,3
17596,3
17607,3
17633,3
17636,3
17641,3
17653,3
17656,3
17661,4
17662,4
17666,4
17673,4
17680,4
17687,4
17689,4
17690,4
17692,4
17704,4
17705,4
17714,1
17720,1
17748,1
17760,2
17765,2
17768,2
17781,2
17782,2
17783,2
17801,2
17802,2
17813,3
17815,3
17825,3
17839,3
17841,3
17842,3
17843,3
17846,3
17861,3
17864,3
17868,3
17877,3
17899,3
17901,3
17919,4
17926,4
17927,4
17931,4
17956,4
17961,1
17962,1
17964,2
17988,2
17991,2
17994,2
17997,2
18002,2
18018,3
18024,3
18026,3
18028,3
18029,3
18031,3
18040,3
18044,3
18048,3
18055,3
18071,3
18077,3
18078,3
18087,3
18095,3
18098,3
18102,3
18112,4
18113,4
18115,4
18121,4
18122,4
18126,4
18134,4
18143,4
18144,4
18155,4
18160,4
18162,4
18167,2
18169,2
18174,2
18176,2
18177,2
18183,2
18185,2
18188,2
18195,3
18197,3
18200,3
18203,3
18215,3
18219,3
18234,3
18235,3
18242,3
18262,3
18273,3
18278,3
18279,3
18282,3
18284,3
18287,3
18311,4
18320,4
18329,4
18333,4
18339,4
18346,3
18351,3
18353,3
18369,3
18373,3
18377,3
18383,3
18390,3
18391,3
18393,3
18397,3
18427,4
18429,4
18432,4
18433,4
18437,4
18443,4
18450,4
18456,4
18472,4
18473,4
18476,1
18482,1
18510,2
18522,2
18527,2
18530,2
18543,2
18544,2
18545,2
18563,3
18564,3
18575,3
18577,3
18587,3
18601,3
18603,3
18604,3
18605,3
18608,3
18623,3
18626,3
18630,3
18639,3
18661,4
18663,4
18681,4
18688,4
18689,4
18693,4
18704,2
18717,2
18722,2
18727,2
18729,2
18732,2
18736,2
18737,2
18750,3
18756,3
18760,3
18761,3
18777,3
18800,3
18801,3
18803,3
18812,3
18828,3
18831,3
18840,4
18845,4
18846,4
18848,4
18857,4
18873,4
18874,4
18876,4
18882,4
18886,4
18894,2
18909,2
18922,2
18927,2
18930,2
18934,2
18936,2
18947,3
18973,3
18975,3
18976,3
18982,3
18990,3
18995,3
19009,3
19012,3
19023,3
19043,4
19048,4
19049,4
19050,4
19058,4
19060,4
19064,4
19065,4
19078,4
19089,1
19095,2
19100,2
19101,2
19103,2
19105,2
19108,2
19113,2
19130,2
19135,2
19142,2
19152,3
19158,3
19173,3
19178,3
19180,3
19181,3
19182,3
19188,3
19203,3
19206,3
19209,3
19210,3
19215,3
19223,3
19238,3
19255,4
19260,4
19268,4
19276,4
19292,4
19296,1
19304,1
19306,1
19309,1
19317,2
19325,2
19328,2
19329,2
19331,2
19332,2
19333,2
19337,2
19338,2
19350,2
19353,2
19357,2
19359,2
19370,3
19376,3
19378,3
19379,3
19383,3
19386,3
19388,3
19397,3
19404,3
19411,3
19415,3
19419,3
19434,3
19438,3
19442,3
19451,3
19459,3
19473,4
19476,4
19480,4
19486,4
19509,4
19510,4
19521,1
19522,1
19523,1
19529,2
19533,2
19538,2
19551,2
19552,2
19557,2
19576,3
19586,3
19587,3
19592,3
19595,3
19608,3
19613,3
19614,3
19616,3
19618,3
19627,3
19640,3
19649,3
19651,3
19660,3
19665,3
19667,3
19670,3
19677,4
19691,4
19699,4
19705,4
19707,4
19716,4
19717,4
19725,4
19726,1
19749,1
19754,1
19757,1
19759,1
19763,2
19783,2
19793,2
19798,2
19810,3
19817,3
19819,3
19821,3
19827,3
19832,3
19858,3
19870,3
19871,3
19876,3
19877,3
19878,3
19897,3
19910,4
19912,4
19913,4
19916,4
19917,4
19922,4
19936,4
19939,4
19944,4
19946,4
19950,4
19951,4
19961,1
19968,1
19984,1
19985,1
19988,1
20001,1
20011,1
20016,1
20017,1
20018,1
20025,1
20036,1
20041,1
20043,1
20045,1
20046,1
20054,1
20065,1
20072,1
20077,1
20087,1
20103,2
20106,2
20108,2
20116,2
20123,2
20125,2
20142,2
20145,2
20146,2
20162,3
20167,3
20171,3
20172,3
20175,3
20178,3
20184,3
20185,3
20186,3
20192,3
20204,3
20206,3
20209,3
20214,3
20216,3
20227,3
20239,3
20262,4
20282,4
20283,4
20322,3
20326,3
20338,3
20339,3
20341,3
20362,3
20366,3
20367,3
20371,3
20383,3
20384,3
20387,3
20412,4
20417,4
20419,4
20426,4
20455,4
20464,2
20465,2
20475,2
20476,2
20485,2
20491,2
20492,2
20498,2
20503,2
20505,2
20507,2
20516,3
20520,3
20523,3
20534,3
20539,3
20540,3
20541,3
20552,3
20559,3
20567,3
20568,3
20580,3
20583,3
20587,3
20596,3
20600,3
20604,3
20614,4
20615,4
20649,4
20653,4
20680,1
20686,1
20690,1
20695,1
20702,1
20716,1
20721,1
20722,1
20727,2
20731,2
20733,2
20742,2
20744,2
20749,2
20756,2
20760,2
20761,2
20762,2
20767,2
20776,3
20781,3
20787,3
20792,3
20798,3
20817,3
20822,3
20824,3
20828,3
20830,3
20841,3
20847,3
20854,3
20857,3
20863,3
20873,3
20885,4
20893,4
20908,4
20909,4
20918,4
20927,1
20929,1
20930,1
20938,2
20944,2
20948,2
20959,2
20972,2
20976,2
20982,2
20992,3
21002,3
21005,3
21006,3
21007,3
21009,3
21019,3
21020,3
21022,3
21048,3
21058,3
21062,3
21064,3
21069,3
21071,3
21074,3
21076,3
21081,3
21085,3
21091,4
21093,4
21094,4
21106,4
21124,4
21144,1
21148,1
21149,1
21157,1
21165,2
21167,2
21176,2
21177,2
21183,2
21185,2
21190,2
21191,2
21193,2
21195,2
21198,2
21206,2
21214,3
21237,3
21258,3
21260,3
21277,3
21282,3
21285,3
21293,3
21298,3
21299,3
21306,3
21307,3
21308,3
21314,4
21323,4
21326,4
21336,4
21345,4
21349,4
21365,1
21373,1
21375,1
21378,1
21386,2
21394,2
21397,2
21398,2
21400,2
21401,2
21402,2
21406,2
21407,2
21419,2
21422,2
21426,2
21428,2
21439,3
21445,3
21447,3
21448,3
21452,3
21455,3
21457,3
21466,3
21473,3
21480,3
21484,3
21488,3
21503,3
21507,3
21511,3
21520,3
21528,3
21542,4
21545,4
21549,4
21555,4
21578,4
21579,4
21586,1
21588,1
21589,1
21595,1
21601,1
21606,1
21621,1
21624,1
21632,2
21634,2
21648,2
21649,2
21655,2
21675,2
21706,3
21712,3
21725,3
21730,3
21741,3
21743,3
21744,3
21750,3
21751,3
21752,3
21756,3
21762,3
21767,3
21769,3
21772,3
21781,4
21783,4
21784,4
21787,4
21796,4
21801,4
21803,4
21806,4
21811,4
21816,4
21818,4
21821,4
21827,4
21835,2
21843,2
21847,2
21851,2
21874,3
21876,3
21882,3
21891,3
21893,3
21895,3
21899,3
21906,3
21910,3
21917,3
21921,3
21922,3
21929,3
21931,3
21935,3
21947,3
21952,3
21958,4
21965,4
21974,4
21975,4
21986,4
21988,4
22000,4
22001,4
22004,4
22009,3
22015,3
22041,3
22043,3
22047,3
22058,3
22071,3
22079,3
22082,3
22085,3
22094,3
22096,3
22097,3
22104,3
22112,4
22133,4
22146,4
22155,4
22172,2
22182,2
22190,2
22206,3
22219,3
22226,3
22230,3
22235,3
22246,3
22249,3
22252,3
22253,3
22260,3
22264,3
22267,3
22269,3
22273,3
22278,3
22283,3
22298,4
22300,4
22303,4
22304,4
22316,4
22317,4
22320,4
22321,4
22326,4
22329,4
22340,4
22341,4
22352,2
22369,2
22372,2
22377,2
22408,3
22409,3
22417,3
22420,3
22422,3
22431,3
22442,3
22448,3
22450,3
22459,3
22463,3
22478,3
22482,3
22510,4
22511,4
22514,4
22518,4
22522,4
22523,4
22529,4
22534,4
22536,4
22541,4
22551,1
22553,1
22555,1
22561,1
22583,2
22597,2
22600,2
22621,2
22626,3
22637,3
22639,3
22645,3
22652,3
22656,3
22657,3
22666,3
22668,3
22703,3
22707,3
22722,3
22727,4
22734,4
22738,4
22742,4
22746,4
22751,4
22754,4
22760,4
22767,4
22771,4
22779,2
22786,3
22787,3
22802,3
22803,3
22815,3
22820,3
22825,3
22826,3
22829,3
22831,3
22835,3
22838,3
22849,3
22854,3
22858,3
22878,3
22879,3
22893,4
22899,4
22904,4
22910,4
22934,4
22935,1
22937,1
22942,1
22944,1
22945,1
22946,1
22949,1
22950,1
22952,1
22953,1
22957,1
22963,1
22965,1
22966,1
22980,1
22995,1
23007,1
23013,2
23015,2
23033,2
23040,2
23043,2
23044,2
23049,2
23054,2
23055,2
23060,2
23066,3
23071,3
23078,3
23081,3
23087,3
23095,3
23108,3
23117,3
23134,3
23149,3
23153,3
23167,4
23172,4
23181,4
23194,4
23200,4
23202,4
23208,4
23230,1
23236,1
23240,2
23245,2
23252,2
23266,2
23271,2
23272,2
23277,2
23281,2
23283,2
23292,3
23294,3
23299,3
23306,3
23310,3
23311,3
23312,3
23317,3
23326,3
23331,3
23337,3
23342,3
23348,3
23367,3
23372,3
23374,3
23378,3
23380,3
23391,4
23397,4
23404,4
23407,4
23413,4
23423,4
23435,4
23445,1
23449,1
23450,1
23458,1
23466,2
23468,2
23477,2
23478,2
23484,2
23486,2
23491,2
23492,2
23494,2
23496,2
23499,2
23507,2
23515,3
23538,3
23559,3
23561,3
23578,3
23583,3
23586,3
23594,3
23599,3
23600,3
23607,3
23608,3
23609,3
23615,4
23624,4
23627,4
23637,4
23646,4
23650,4
23674,2
23679,3
23683,3
23684,3
23685,3
23698,3
23699,3
23706,3
23707,3
23711,3
23714,3
23717,3
23731,3
23735,3
23737,3
23740,3
23749,3
23754,3
23762,3
23763,3
23764,3
23766,3
23782,4
23791,4
23799,4
23812,4
23814,4
23822,4
23829,2
23830,2
23833,2
23839,2
23851,2
23861,2
23874,3
23877,3
23883,3
23888,3
23902,3
23903,3
23906,3
23907,3
23908,3
23911,3
23914,3
23918,3
23919,3
23920,3
23942,3
23945,3
23948,3
23952,3
23974,4
23975,4
23985,4
24002,4
24006,4
24013,4
24017,4
24064,1
24066,1
24079,1
24080,1
24084,2
24085,2
24092,2
24097,2
24101,2
24106,2
24110,2
24111,2
24114,2
24123,2
24126,2
24142,3
24148,3
24155,3
24157,3
24167,3
24170,3
24175,3
24190,3
24211,3
24214,3
24217,3
24219,3
24221,3
24228,3
24229,3
24235,4
24245,4
24250,4
24251,4
24252,4
24268,4
24273,4
24279,4
24280,4
24289,1
24304,1
24315,2
24317,2
24319,2
24328,2
24336,2
24352,2
24353,2
24358,2
24359,2
24360,2
24363,2
24384,3
24396,3
24406,3
24424,3
24425,3
24433,3
24439,3
24448,3
24459,3
24471,4
24478,4
24484,4
24485,4
24492,4
24494,4
24503,4
24512,4
24515,1
24530,2
24534,2
24537,2
24548,2
24553,2
24554,2
24558,2
24564,2
24568,2
24583,3
24584,3
24588,3
24597,3
24606,3
24615,3
24617,3
24627,3
24635,3
24663,3
24666,3
24670,3
24680,4
24693,4
24694,4
24700,4
24703,4
24705,4
24715,4
24724,4
24743,2
24745,2
24748,2
24749,2
24754,2
24758,2
24775,3
24780,3
24792,3
24796,3
24802,3
24804,3
24814,3
24815,3
24827,3
24832,3
24844,3
24846,3
24851,3
24854,3
24868,4
24878,4
24880,4
24884,4
24889,4
24895,4
24897,4
24928,1
24953,1
24957,2
24959,2
24968,2
24977,2
24985,2
24986,2
24992,2
24998,2
24999,2
25001,2
25002,2
25005,2
25016,3
25027,3
25035,3
25051,3
25072,3
25075,3
25080,3
25087,3
25099,3
25100,3
25101,3
25111,4
25121,4
25141,4
25145,4
25146,4
25152,4
25155,4
25159,2
25172,2
25178,3
25189,3
25200,3
25229,3
25231,3
25236,3
25242,3
25243,3
25252,3
25258,3
25268,3
25271,3
25305,4
25306,4
25308,4
25311,4
25320,4
25325,4
25330,3
25332,3
25339,3
25356,3
25361,3
25363,3
25366,3
25368,3
25370,3
25373,3
25376,3
25377,3
25389,3
25390,3
25392,3
25393,3
25396,3
25412,3
25415,3
25417,3
25423,3
25427,3
25431,4
25432,4
25448,4
25451,4
25452,4
25453,4
25455,4
25458,4
25465,4
25468,4
25484,1
25495,1
25507,1
25522,2
25528,2
25530,2
25545,2
25563,2
25567,3
25572,3
25584,3
25605,3
25616,3
25621,3
25632,3
25636,3
25639,3
25640,3
25644,3
25648,3
25655,3
25659,3
25667,4
25671,4
25680,4
25683,4
25702,4
25705,4
25715,4
25716,1
25718,1
25724,1
25731,1
25736,1
25741,1
25744,1
25748,1
25755,1
25798,2
25800,2
25805,2
25813,2
25842,3
25843,3
25846,3
25852,3
25869,3
25873,3
25874,3
25875,3
25885,3
25886,3
25890,3
25896,3
25899,3
25902,3
25907,3
25910,3
25917,3
25919,4
25920,4
25926,4
25936,4
25945,4
25946,4
25954,4
25960,4
25962,4
25966,4
25991,2
26008,2
26015,2
26034,3
26040,3
26054,3
26058,3
26070,3
26076,3
26095,3
26101,3
26104,3
26105,3
26110,3
26113,3
26120,4
26127,4
26135,4
26141,4
26142,4
26146,4
26155,4
26167,1
26186,1
26188,1
26189,1
26196,1
26198,1
26225,2
26229,2
26233,2
26234,2
26241,2
26250,2
26255,2
26258,2
26274,3
26296,3
26312,3
26313,3
26318,3
26319,3
26320,3
26322,3
26333,3
26343,3
26364,4
26367,4
26369,4
26371,4
26373,4
26374,4
26379,4
26383,4
26384,4
26385,4
26388,4
26400,4
26406,4
26414,1
26419,1
26420,1
26427,1
26428,1
26454,2
26477,2
26478,2
26488,2
26489,2
26501,2
26526,3
26539,3
26544,3
26552,3
26556,3
26561,3
26574,3
26588,3
26589,3
26598,3
26602,4
26608,4
26611,4
26618,4
26619,4
26652,4
26654,2
26655,2
26681,3
26686,3
26690,3
26700,3
26706,3
26711,3
26714,3
26716,3
26723,3
26724,3
26742,3
26744,3
26751,3
26753,3
26754,3
26758,3
26759,3
26760,3
26767,4
26773,4
26775,4
26794,4
26798,4
26799,4
26813,4
26829,3
26845,3
26847,3
26863,3
26865,3
26868,3
26869,3
26876,3
26882,3
26885,3
26897,3
26899,3
26916,3
26922,3
26926,4
26948,4
26957,4
26961,4
26964,4
26978,3
26991,3
26997,3
27008,3
27019,3
27048,3
27050,3
27055,3
27061,3
27062,3
27071,4
27077,4
27087,4
27090,4
27128,3
27133,3
27136,3
27143,3
27155,3
27157,3
27162,3
27164,3
27169,3
27176,3
27180,3
27181,3
27184,3
27190,3
27231,4
27236,4
27262,4
27269,1
27270,1
27276,1
27277,1
27279,1
27281,1
27283,1
27285,1
27292,1
27295,1
27298,1
27305,1
27314,1
27321,1
27350,2
27356,2
27363,2
27369,2
27370,2
27384,3
27390,3
27391,3
27392,3
27393,3
27399,3
27404,3
27407,3
27408,3
27411,3
27415,3
27424,3
27454,3
27457,3
27472,3
27487,4
27489,4
27492,4
27494,4
27511,4
27518,4
27521,4
27523,4
27524,4
27529,2
27532,2
27540,2
27547,2
27552,2
27553,2
27555,2
27561,2
27566,2
27567,2
27579,3
27581,3
27582,3
27585,3
27587,3
27589,3
27591,3
27597,3
27601,3
27612,3
27615,3
27619,3
27621,3
27629,3
27637,3
27639,3
27642,3
27646,3
27658,3
27659,3
27664,3
27668,3
27682,4
27687,4
27691,4
27743,3
27744,3
27746,3
27760,3
27777,3
27784,3
27789,3
27791,3
27810,3
27814,3
27823,3
27824,3
27829,4
27849,4
27865,4
27875,4
27879,2
27891,2
27892,2
27912,3
27921,3
27926,3
27934,3
27953,3
27957,3
27960,3
27982,3
27991,3
28000,4
28021,4
28027,4
28030,4
28042,4
28047,4
28048,4
28056,2
28071,2
28076,2
28077,2
28087,2
28095,3
28098,3
28104,3
28110,3
28121,3
28125,3
28129,3
28134,3
28141,3
28142,3
28148,3
28163,3
28169,3
28171,3
28176,3
28186,3
28188,4
28194,4
28205,4
28212,4
28215,4
28217,4
28234,4
28239,1
28243,1
28244,1
28255,1
28280,2
28285,2
28289,2
28290,2
28300,2
28317,2
28326,3
28328,3
28333,3
28352,3
28362,3
28368,3
28369,3
28372,3
28373,3
28383,3
28390,3
28396,3
28401,3
28405,3
28409,3
28417,3
28421,4
28432,4
28438,4
28450,4
28458,4
28461,4
28466,4
28472,1
28482,1
28487,1
28504,1
28510,2
28514,2
28515,2
28522,2
28527,2
28529,2
28536,2
28540,2
28544,2
28545,2
28556,2
28563,3
28567,3
28573,3
28582,3
28583,3
28587,3
28596,3
28610,3
28613,3
28630,3
28633,3
28637,3
28639,3
28643,3
28654,3
28659,4
28662,4
28665,4
28673,4
28684,4
28705,4
28706,4
28708,2
28709,2
28710,2
28724,2
28732,2
28736,2
28742,3
28743,3
28753,3
28757,3
28760,3
28764,3
28765,3
28767,3
28776,3
28795,3
28797,3
28811,3
28812,3
28818,3
28828,3
28838,4
28845,4
28850,4
28866,4
28873,4
28875,4
28896,1
28901,2
28907,2
28911,2
28912,2
28917,2
28925,2
28929,2
28942,2
28945,2
28953,3
28960,3
28961,3
28966,3
28971,3
28980,3
28984,3
28986,3
28995,3
29011,3
29014,3
29021,3
29022,3
29023,3
29029,3
29040,3
29045,3
29046,3
29051,4
29064,4
29066,4
29072,4
29078,4
29079,4
29086,4
29094,4
29113,2
29114,2
29116,2
29124,2
29129,2
29142,2
29145,2
29149,2
29153,2
29158,2
29172,3
29173,3
29175,3
29177,3
29191,3
29192,3
29195,3
29201,3
29212,3
29215,3
29221,3
29231,3
29236,3
29253,3
29262,4
29267,4
29282,4
29298,4
29299,4
29310,1
29312,1
29317,1
29319,1
29320,1
29321,1
29324,1
29325,1
29327,1
29328,1
29332,1
29338,1
29340,1
29341,1
29355,1
29370,1
29382,1
29388,2
29390,2
29408,2
29415,2
29418,2
29419,2
29424,2
29429,2
29430,2
29435,2
29441,3
29446,3
29453,3
29456,3
29462,3
29470,3
29483,3
29492,3
29509,3
29524,3
29528,3
29542,4
29547,4
29556,4
29569,4
29575,4
29577,4
29583,4
29598,1
29609,2
29614,2
29622,2
29624,2
29630,2
29631,2
29645,2
29648,2
29657,3
29668,3
29673,3
29676,3
29682,3
29685,3
29691,3
29695,3
29697,3
29704,3
29709,3
29724,3
29728,3
29750,3
29755,4
29757,4
29758,4
29769,4
29779,4
29792,4
29797,4
29798,4
29813,3
29824,3
29829,3
29837,3
29839,3
29845,3
29846,3
29860,3
29863,3
29872,3
29883,3
29888,3
29891,3
29897,3
29900,4
29906,4
29910,4
29912,4
29919,4
29924,4
29939,4
29943,4
29961,1
29967,1
29988,1
29991,1
29995,1
30000,1
30003,1
30023,2
30024,2
30026,2
30028,2
30036,2
30045,2
30053,2
30057,2
30060,2
30080,3
30093,3
30101,3
30102,3
30110,3
30115,3
30122,3
30123,3
30126,3
30127,3
30135,3
30162,3
30163,3
30164,3
30175,4
30177,4
30178,4
30179,4
30180,4
30181,4
30188,4
30199,4
30203,4
30210,4
30239,2
30249,2
30257,2
30273,3
30286,3
30293,3
30297,3
30302,3
30313,3
30316,3
30319,3
30320,3
30327,3
30331,3
30334,3
30336,3
30340,3
30345,3
30350,3
30365,4
30367,4
30370,4
30371,4
30383,4
30384,4
30387,4
30388,4
30393,4
30396,4
30407,4
30408,4
30419,1
30428,1
30430,1
30434,1
30442,1
30450,2
30454,2
30462,2
30467,2
30476,2
30483,2
30485,2
30493,3
30500,3
30506,3
30509,3
30517,3
30526,3
30530,3
30553,3
30562,3
30566,3
30588,3
30595,4
30597,4
30608,4
30620,4
30630,4
30631,4
30648,1
30651,1
30654,1
30660,1
30672,1
30673,1
30685,1
30695,1
30706,1
30715,1
30717,1
30719,1
30726,1
30734,1
30743,1
30746,1
30750,1
30754,1
30755,1
30756,1
30761,1
30772,2
30782,2
30795,2
30798,2
30809,2
30814,2
30819,3
30832,3
30843,3
30856,3
30861,3
30864,3
30871,3
30874,3
30900,3
30907,3
30923,4
30944,4
30945,4
30949,4
30953,4
30966,1
30978,1
30981,1
30988,1
30998,1
31007,1
31031,2
31038,2
31050,2
31057,2
31059,2
31061,2
31065,2
31066,2
31069,2
31072,2
31076,2
31086,3
31104,3
31105,3
31109,3
31111,3
31114,3
31117,3
31150,3
31157,3
31163,3
31169,3
31174,3
31181,4
31187,4
31191,4
31193,4
31204,4
31205,4
31214,4
31225,4
31227,4
31234,2
31235,2
31241,2
31242,2
31244,2
31246,2
31248,2
31250,2
31257,2
31260,2
31263,2
31270,2
31279,3
31286,3
31315,3
31321,3
31328,3
31334,3
31335,3
31349,3
31355,3
31356,3
31357,3
31358,3
31364,3
31369,3
31372,4
31373,4
31376,4
31380,4
31389,4
31419,4
31428,2
31430,2
31447,3
31461,3
31467,3
31470,3
31473,3
31481,3
31485,3
31487,3
31493,3
31501,3
31509,3
31522,3
31533,3
31540,3
31541,3
31560,4
31563,4
31564,4
31584,4
31585,4
31591,4
31595,4
31597,1
31600,1
31610,1
31617,1
31620,1
31625,1
31632,1
31641,1
31646,1
31654,1
31658,1
31674,1
31676,1
31690,1
31696,1
31698,1
31699,1
31700,1
31733,2
31734,2
31738,2
31743,2
31750,2
31758,2
31765,3
31771,3
31779,3
31782,3
31793,3
31798,3
31804,3
31814,3
31816,3
31818,3
31829,3
31835,3
31840,3
31848,3
31854,3
31855,3
31857,3
31861,3
31896,4
31897,4
31899,4
31901,4
31916,1
31918,1
31919,1
31927,2
31933,2
31937,2
31948,2
31961,2
31965,2
31971,2
31981,3
31991,3
31994,3
31995,3
31996,3
31998,3
32008,3
32009,3
32011,3
32037,3
32047,3
32051,3
32053,3
32058,3
32060,3
32063,3
32065,3
32070,3
32074,3
32080,4
32082,4
32083,4
32095,4
32113,4
32143,1
32157,1
32159,1
32164,1
32169,1
32171,1
32179,1
32190,1
32192,1
32193,1
32201,1
32217,2
32220,2
32224,2
32228,2
32230,2
32237,2
32238,2
32240,2
32267,3
32272,3
32273,3
32276,3
32281,3
32282,3
32287,3
32289,3
32294,3
32295,3
32301,3
32312,3
32323,3
32329,3
32335,3
32341,3
32343,3
32347,3
32349,3
32350,3
32357,4
32371,4
32376,4
32409,2
32415,2
32416,2
32419,2
32434,3
32449,3
32457,3
32463,3
32464,3
32470,3
32471,3
32478,3
32481,3
32483,3
32487,3
32491,3
32498,3
32503,3
32505,3
32520,3
32526,4
32528,4
32536,4
32537,4
32548,4
32556,4
32557,4
32559,4
32570,4
32575,1
32576,1
32580,1
32586,1
32590,1
32591,1
32628,2
32633,2
32643,2
32650,3
32657,3
32666,3
32678,3
32681,3
32682,3
32683,3
32695,3
32697,3
32702,3
32704,3
32709,3
32718,3
32719,3
32732,3
32734,3
32737,3
32740,3
32753,4
32770,4
32783,4
32789,4
32791,4
32806,1
32811,1
32812,1
32815,1
32817,1
32821,1
32824,2
32825,2
32839,2
32846,2
32850,2
32853,2
32855,2
32859,2
32861,2
32862,2
32866,2
32867,2
32872,2
32876,3
32888,3
32896,3
32906,3
32930,3
32934,3
32936,3
32938,3
32940,3
32943,3
32948,3
32950,3
32953,3
32954,3
32974,4
32981,4
32983,4
32986,4
32992,4
32993,4
32997,4
33001,4
33016,4
33017,4
33031,2
33032,2
33039,2
33055,2
33056,2
33075,2
33079,3
33083,3
33084,3
33090,3
33091,3
33099,3
33103,3
33105,3
33109,3
33117,3
33124,3
33128,3
33131,3
33137,3
33158,3
33160,3
33161,3
33164,3
33166,3
33181,4
33182,4
33183,4
33184,4
33185,4
33200,4
33217,4
33219,4
33232,2
33235,2
33237,2
33242,2
33245,3
33260,3
33263,3
33273,3
33275,3
33299,3
33305,3
33307,3
33324,3
33330,3
33331,3
33332,3
33334,3
33344,4
33352,4
33356,4
33363,4
33365,4
33367,4
33370,4
33373,4
33377,4
33381,4
33388,4
33390,4
33394,2
33398,2
33403,2
33406,2
33410,2
33412,2
33415,2
33416,2
33417,3
33431,3
33438,3
33441,3
33456,3
33457,3
33471,3
33473,3
33477,3
33485,3
33487,3
33491,3
33499,3
33517,4
33527,4
33528,4
33536,4
33541,4
33544,4
33551,4
33558,4
33561,4
33566,4
33567,3
33580,3
33582,3
33591,3
33598,3
33604,3
33616,3
33617,3
33624,3
33627,3
33635,3
33648,3
33652,3
33653,3
33672,4
33676,4
33680,4
33698,4
33707,4
33708,4
33711,4
33713,4
33718,2
33728,2
33731,2
33734,2
33739,2
33753,3
33763,3
33766,3
33781,3
33782,3
33798,3
33803,3
33807,3
33810,3
33822,3
33824,3
33830,3
33839,3
33843,3
33847,4
33851,4
33854,4
33861,4
33863,4
33864,4
33871,4
33886,4
33896,4
33897,4
33898,1
33906,2
33908,2
33915,2
33916,2
33919,2
33920,2
33922,2
33926,2
33930,2
33967,3
33971,3
33974,3
33975,3
33977,3
33979,3
33982,3
33986,3
34030,3
34034,3
34050,4
34063,4
34075,4
34090,4
34096,4
34097,4
34100,2
34125,2
34133,3
34134,3
34146,3
34153,3
34159,3
34164,3
34175,3
34177,3
34186,3
34191,3
34200,3
34218,3
34222,3
34223,3
34237,4
34241,4
34246,4
34247,4
34249,4
34251,4
34256,4
34265,4
34275,4
34284,1
34289,2
34295,2
34299,2
34300,2
34305,2
34313,2
34317,2
34330,2
34333,2
34341,3
34348,3
34349,3
34354,3
34359,3
34368,3
34372,3
34374,3
34383,3
34399,3
34402,3
34409,3
34410,3
34411,3
34417,3
34428,3
34433,3
34434,3
34439,4
34452,4
34454,4
34460,4
34466,4
34467,4
34474,4
34482,4
34492,2
34499,3
34500,3
34515,3
34516,3
34528,3
34533,3
34538,3
34539,3
34542,3
34544,3
34548,3
34551,3
34562,3
34567,3
34571,3
34591,3
34592,3
34606,4
34612,4
34617,4
34623,4
34647,4
34652,1
34672,1
34676,1
34679,2
34681,2
34687,2
34692,2
34693,2
34696,2
34701,2
34710,2
34716,2
34720,2
34729,3
34736,3
34747,3
34749,3
34750,3
34751,3
34754,3
34756,3
34766,3
34771,3
34777,3
34786,3
34797,3
34799,3
34803,3
34809,3
34810,3
34822,3
34849,4
34853,4
34863,4
34865,4
34868,4
34877,2
34902,2
34910,3
34911,3
34923,3
34930,3
34936,3
34941,3
34952,3
34954,3
34963,3
34968,3
34977,3
34995,3
34999,3
35000,3
35014,4
35018,4
35023,4
35024,4
35026,4
35028,4
35033,4
35042,4
35052,4
35057,1
35060,1
35063,1
35072,1
35077,1
35082,1
35084,1
35093,1
35094,1
35099,1
35102,1
35106,1
35107,2
35109,2
35119,2
35127,2
35137,2
35144,2
35145,2
35157,3
35159,3
35161,3
35173,3
35177,3
35182,3
35190,3
35196,3
35199,3
35209,3
35214,3
35234,3
35235,3
35246,3
35250,3
35267,4
35280,4
35282,4
35290,4
35291,4
35292,4
35303,4
35321,1
35346,2
35350,2
35352,2
35361,2
35370,2
35378,3
35379,3
35385,3
35391,3
35392,3
35394,3
35395,3
35398,3
35409,3
35420,3
35428,3
35444,3
35465,3
35468,3
35473,3
35480,4
35492,4
35493,4
35494,4
35504,4
35514,4
35533,1
35534,1
35560,1
35566,1
35579,1
35587,1
35588,1
35594,1
35599,1
35611,1
35613,1
35618,1
35622,1
35636,2
35640,2
35651,2
35652,2
35657,2
35662,2
35671,2
35680,3
35685,3
35695,3
35701,3
35702,3
35711,3
35723,3
35724,3
35728,3
35733,3
35739,3
35761,3
35762,3
35764,3
35775,3
35780,4
35788,4
35789,4
35792,4
35798,4
35804,4
35807,4
35810,4
35835,1
35839,1
35841,1
35842,1
35849,1
35855,1
35857,1
35862,1
35874,1
35875,1
35877,1
35879,1
35884,1
35892,2
35895,2
35899,2
35909,2
35914,2
35917,2
35918,2
35920,2
35922,2
35923,2
35928,2
35945,3
35956,3
35965,3
35980,3
35999,3
36003,3
36005,3
36021,3
36022,3
36024,3
36028,3
36044,4
36053,4
36062,4
36063,4
36081,4
36086,1
36094,1
36096,1
36099,1
36107,2
36115,2
36118,2
36119,2
36121,2
36122,2
36123,2
36127,2
36128,2
36140,2
36143,2
36147,2
36149,2
36160,3
36166,3
36168,3
36169,3
36173,3
36176,3
36178,3
36187,3
36194,3
36201,3
36205,3
36209,3
36224,3
36228,3
36232,3
36241,3
36249,3
36263,4
36266,4
36270,4
36276,4
36299,4
36300,4
36310,2
36312,2
36315,2
36324,2
36328,2
36341,2
36343,2
36355,3
36357,3
36364,3
36367,3
36376,3
36379,3
36384,3
36385,3
36397,3
36398,3
36405,3
36406,3
36409,3
36410,3
36424,3
36434,3
36447,4
36451,4
36452,4
36455,4
36459,4
36461,4
36469,4
36483,4
36486,4
36508,2
36511,2
36515,2
36527,3
36532,3
36533,3
36534,3
36540,3
36544,3
36550,3
36562,3
36576,3
36578,3
36588,3
36589,3
36599,3
36610,3
36611,3
36620,3
36621,3
36625,4
36626,4
36643,4
36651,4
36654,4
36655,4
36664,4
36667,4
36670,4
36677,1
36682,1
36683,1
36690,1
36691,1
36717,1
36740,1
36741,1
36751,1
36752,1
36764,2
36789,2
36802,2
36807,3
36815,3
36819,3
36824,3
36837,3
36851,3
36852,3
36861,3
36865,3
36871,3
36874,3
36881,3
36882,3
36915,4
36937,4
36948,4
36950,4
36977,2
36986,2
36997,2
36998,2
37002,3
37005,3
37011,3
37018,3
37019,3
37050,3
37057,3
37067,3
37068,3
37072,3
37073,3
37076,3
37077,3
37083,3
37096,3
37099,4
37103,4
37105,4
37121,4
37133,4
37145,4
37164,1
37174,2
37204,2
37207,2
37209,2
37210,2
37242,3
37256,3
37261,3
37280,3
37281,3
37284,3
37289,3
37299,3
37306,3
37309,3
37312,3
37314,3
37319,4
37349,4
37350,4
37353,4
37354,4
37357,4
37358,4
37359,4
37361,4
37362,4
37368,1
37371,1
37372,1
37376,1
37396,1
37402,1
37403,1
37413,1
37428,2
37431,2
37451,2
37454,2
37458,2
37471,2
37483,3
37488,3
37491,3
37506,3
37508,3
37510,3
37512,3
37516,3
37524,3
37529,3
37534,3
37537,3
37543,3
37546,3
37547,3
37548,3
37557,3
37565,3
37572,4
37574,4
37578,4
37586,4
37598,4
37605,4
37606,4
37611,4
37616,4
37620,4
37646,2
37652,2
37656,2
37658,2
37664,2
37668,2
37669,2
37671,2
37674,2
37683,2
37687,2
37699,3
37705,3
37708,3
37716,3
37717,3
37718,3
37727,3
37747,3
37753,3
37759,3
37772,3
37773,3
37779,3
37781,3
37785,3
37794,3
37799,4
37800,4
37803,4
37810,4
37828,4
37830,4
37832,4
37838,4
37842,4
37851,2
37857,2
37858,2
37861,2
37876,2
37891,2
37899,3
37905,3
37906,3
37912,3
37913,3
37920,3
37923,3
37925,3
37929,3
37933,3
37940,3
37945,3
37947,3
37962,3
37968,3
37970,3
37978,3
37979,3
37990,3
37998,4
37999,4
38001,4
38012,4
38022,4
38034,4
38041,4
38042,4
38052,2
38074,3
38075,3
38082,3
38091,3
38098,3
38100,3
38102,3
38103,3
38107,3
38113,3
38128,3
38138,3
38146,3
38154,3
38155,3
38157,4
38160,4
38167,4
38173,4
38177,4
38202,4
38220,1
38227,2
38237,2
38242,2
38259,2
38268,2
38269,2
38272,2
38282,3
38286,3
38297,3
38301,3
38304,3
38312,3
38318,3
38320,3
38325,3
38326,3
38335,3
38336,3
38352,3
38353,3
38354,3
38360,3
38368,3
38372,3
38374,3
38380,4
38393,4
38398,4
38409,4
38418,4
38428,1
38434,1
38456,2
38460,2
38464,2
38481,2
38483,2
38500,2
38507,3
38517,3
38528,3
38532,3
38536,3
38539,3
38541,3
38543,3
38550,3
38565,3
38570,3
38574,3
38575,3
38582,3
38589,3
38594,3
38597,3
38612,4
38623,4
38626,4
38630,4
38634,4
38649,4
38650,4
38651,4
38656,2
38663,3
38664,3
38679,3
38680,3
38692,3
38697,3
38702,3
38703,3
38706,3
38708,3
38712,3
38715,3
38726,3
38731,3
38735,3
38755,3
38756,3
38770,4
38776,4
38781,4
38787,4
38811,4
38812,2
38816,2
38830,2
38835,2
38839,2
38840,2
38842,2
38843,2
38844,2
38846,2
38847,2
38848,2
38859,2
38867,3
38883,3
38888,3
38892,3
38897,3
38898,3
38912,3
38917,3
38926,3
38932,3
38933,3
38950,3
38974,4
38981,4
38998,4
39001,4
39003,4
39007,4
39035,1
39037,1
39041,1
39042,1
39066,2
39077,2
39083,2
39086,2
39099,3
39104,3
39115,3
39120,3
39123,3
39128,3
39140,3
39144,3
39148,3
39163,3
39180,3
39186,3
39205,4
39206,4
39208,4
39229,4
39231,4
39236,4
39242,4
39247,2
39250,2
39251,2
39263,2
39268,2
39269,2
39273,2
39281,2
39305,3
39312,3
39314,3
39316,3
39327,3
39332,3
39341,3
39346,3
39354,3
39356,3
39360,3
39366,3
39381,3
39401,4
39407,4
39415,4
39420,4
39425,4
39445,1
39446,1
39448,1
39459,1
39477,1
39483,1
39496,2
39497,2
39510,2
39517,2
39518,2
39521,2
39527,2
39535,2
39537,2
39539,2
39542,3
39549,3
39560,3
39571,3
39581,3
39582,3
39592,3
39597,3
39611,3
39617,3
39637,3
39646,4
39657,4
39659,4
39671,4
39674,4
39683,4
39684,4
39686,4
39705,1
39730,1
39734,2
39736,2
39745,2
39754,2
39762,2
39763,2
39769,2
39775,2
39776,2
39778,2
39779,2
39782,2
39793,3
39804,3
39812,3
39828,3
39849,3
39852,3
39857,3
39864,3
39876,3
39877,3
39878,3
39888,4
39898,4
39918,4
39922,4
39923,4
39929,4
39932,4
39935,3
39938,3
39943,3
39944,3
39956,3
39963,3
39968,3
39972,3
39973,3
39977,3
39982,3
39983,3
40001,3
40008,3
40020,3
40021,3
40023,3
40029,3
40030,3
40037,4
40043,4
40048,4
40055,4
40064,4
40068,4
40075,4
40081,4
40093,1
40095,1
40096,1
40099,1
40111,1
40114,1
40118,1
40126,1
40136,1
40140,2
40148,2
40152,2
40160,2
40165,2
40166,2
40167,2
40172,2
40175,2
40178,2
40183,2
40184,2
40185,2
40186,2
40187,2
40192,3
40193,3
40196,3
40212,3
40216,3
40228,3
40232,3
40237,3
40245,3
40251,3
40253,3
40254,3
40257,3
40261,3
40266,3
40275,3
40279,3
40289,4
40300,4
40302,4
40313,4
40317,4
40321,4
40355,2
40377,3
40385,3
40388,3
40392,3
40410,3
40411,3
40412,3
40418,3
40432,3
40434,3
40444,3
40445,3
40446,3
40450,3
40474,4
40481,4
40492,4
40497,4
40506,4
40515,4
40516,1
40530,1
40531,1
40533,1
40551,2
40553,2
40558,2
40561,2
40564,2
40572,2
40574,2
40580,2
40604,3
40616,3
40617,3
40618,3
40633,3
40637,3
40644,3
40649,3
40651,3
40660,3
40681,3
40692,4
40694,4
40704,4
40709,4
40712,4
40715,4
40719,4
40724,4
40741,1
40755,1
40757,1
40761,1
40784,1
40794,2
40795,2
40802,2
40803,2
40804,2
40808,2
40810,2
40814,2
40816,2
40818,2
40820,2
40829,2
40840,3
40847,3
40848,3
40850,3
40852,3
40854,3
40860,3
40873,3
40879,3
40881,3
40894,3
40906,3
40912,3
40930,3
40932,3
40934,4
40939,4
40943,4
40953,4
40970,4
40974,4
40997,1
41005,1
41009,1
41010,1
41016,1
41022,1
41026,1
41043,1
41048,1
41050,1
41058,1
41067,1
41073,2
41076,2
41089,2
41090,2
41091,2
41097,2
41101,2
41104,2
41115,2
41121,3
41126,3
41135,3
41138,3
41139,3
41140,3
41153,3
41156,3
41157,3
41164,3
41167,3
41168,3
41170,3
41173,3
41174,3
41182,3
41184,3
41187,3
41191,3
41197,3
41204,3
41215,3
41219,4
41230,4
41242,4
41244,4
41246,4
41254,4
41275,1
41279,1
41280,1
41288,1
41296,2
41298,2
41307,2
41308,2
41314,2
41316,2
41321,2
41322,2
41324,2
41326,2
41329,2
41337,2
41345,3
41368,3
41389,3
41391,3
41408,3
41413,3
41416,3
41424,3
41429,3
41430,3
41437,3
41438,3
41439,3
41445,4
41454,4
41457,4
41467,4
41476,4
41480,4
41496,2
41502,3
41507,3
41514,3
41519,3
41531,3
41553,3
41563,3
41565,3
41569,3
41574,3
41585,3
41588,3
41596,3
41603,4
41604,4
41606,4
41629,4
41634,4
41643,4
41648,4
41659,3
41665,3
41670,3
41676,3
41696,3
41697,3
41699,3
41700,3
41706,3
41718,3
41723,3
41726,3
41740,4
41742,4
41751,4
41756,4
41758,4
41793,2
41794,2
41800,2
41801,2
41803,2
41805,2
41807,2
41809,2
41816,2
41819,2
41822,2
41829,2
41838,3
41845,3
41874,3
41880,3
41887,3
41893,3
41894,3
41908,3
41914,3
41915,3
41916,3
41917,3
41923,3
41928,3
41931,4
41932,4
41935,4
41939,4
41948,4
41978,4
41983,2
41992,2
41993,2
41996,2
41997,2
42011,2
42014,3
42016,3
42019,3
42022,3
42026,3
42038,3
42039,3
42043,3
42048,3
42051,3
42065,3
42069,3
42078,3
42082,3
42086,3
42088,3
42092,3
42097,3
42123,4
42127,4
42131,4
42137,4
42142,4
42146,4
42154,4
42156,4
42165,2
42176,2
42184,2
42196,2
42200,2
42205,2
42210,2
42218,3
42243,3
42253,3
42259,3
42260,3
42269,3
42278,3
42279,3
42280,3
42286,3
42290,3
42292,3
42296,3
42305,3
42308,3
42311,3
42321,4
42325,4
42339,4
42344,4
42348,4
42356,4
42367,1
42369,1
42374,1
42378,1
42387,1
42390,1
42393,1
42394,1
42395,1
42399,1
42406,2
42407,2
42412,2
42416,2
42418,2
42435,2
42440,2
42441,2
42450,3
42451,3
42457,3
42459,3
42467,3
42483,3
42486,3
42487,3
42504,3
42514,3
42523,3
42547,3
42549,4
42562,4
42571,4
42574,4
42582,4
42586,4
42592,4
42601,1
42607,1
42629,2
42633,2
42637,2
42654,2
42656,2
42673,2
42680,3
42690,3
42701,3
42705,3
42709,3
42712,3
42714,3
42716,3
42723,3
42738,3
42743,3
42747,3
42748,3
42755,3
42762,3
42767,3
42770,3
42785,4
42796,4
42799,4
42803,4
42807,4
42822,4
42823,4
42824,4
42827,2
42828,2
42846,2
42848,2
42858,3
42860,3
42862,3
42865,3
42866,3
42877,3
42882,3
42888,3
42896,3
42899,3
42901,3
42910,3
42912,3
42923,3
42925,3
42927,3
42947,3
42948,4
42950,4
42960,4
42971,4
42983,4
42985,4
42991,4
43002,3
43006,3
43008,3
43011,3
43023,3
43024,3
43037,3
43045,3
43048,3
43053,3
43062,3
43067,3
43077,3
43078,3
43081,3
43090,4
43092,4
43106,4
43109,4
43116,4
43120,4
43134,2
43142,3
43152,3
43157,3
43158,3
43162,3
43163,3
43177,3
43180,3
43185,3
43188,3
43189,3
43190,3
43192,3
43193,3
43194,3
43214,3
43218,3
43219,3
43221,3
43223,3
43224,3
43227,3
43230,3
43235,3
43247,4
43249,4
43251,4
43255,4
43266,4
43272,4
43273,4
43274,4
43288,4
43291,1
43296,1
43297,1
43304,1
43305,1
43331,1
43354,1
43355,1
43365,1
43366,1
43378,2
43403,2
43416,2
43421,3
43429,3
43433,3
43438,3
43451,3
43465,3
43466,3
43475,3
43479,3
43485,3
43488,3
43495,3
43496,3
43529,4
43551,4
43562,4
43564,4
43569,2
43577,2
43578,2
43580,2
43591,2
43592,2
43600,2
43623,3
43633,3
43637,3
43644,3
43656,3
43661,3
43662,3
43666,3
43668,3
43671,3
43677,3
43686,3
43692,3
43696,3
43705,3
43706,3
43708,3
43710,3
43712,3
43716,4
43718,4
43724,4
43726,4
43739,4
43741,4
43743,4
43752,4
43761,4
43772,1
43780,1
43784,1
43788,1
43811,1
43813,1
43819,2
43828,2
43830,2
43832,2
43836,2
43843,2
43847,2
43854,2
43858,2
43859,2
43866,2
43868,3
43872,3
43884,3
43889,3
43895,3
43902,3
43911,3
43912,3
43923,3
43925,3
43937,3
43938,3
43941,3
43956,3
43963,3
43986,4
43987,4
43992,4
43994,4
43998,4
44005,4
44026,1
44027,1
44028,1
44030,1
44033,1
44039,1
44041,1
44042,1
44045,1
44047,1
44055,2
44059,2
44060,2
44071,2
44078,2
44079,2
44081,2
44094,2
44112,3
44121,3
44125,3
44136,3
44146,3
44150,3
44153,3
44157,3
44158,3
44196,3
44198,3
44199,3
44201,4
44202,4
44204,4
44205,4
44223,4
44226,4
44233,4
44236,4
44243,4
44244,4
44250,4
44258,1
44263,2
44269,2
44273,2
44274,2
44279,2
44287,2
44291,2
44304,2
44307,2
44315,3
44322,3
44323,3
44328,3
44333,3
44342,3
44346,3
44348,3
44357,3
44373,3
44376,3
44383,3
44384,3
44385,3
44391,3
44402,3
44407,3
44408,3
44413,4
44426,4
44428,4
44434,4
44440,4
44441,4
44448,4
44456,4
44478,1
44492,1
44494,1
44499,1
44504,1
44506,1
44514,1
44525,1
44527,1
44528,1
44536,1
44552,2
44555,2
44559,2
44563,2
44565,2
44572,2
44573,2
44575,2
44602,3
44607,3
44608,3
44611,3
44616,3
44617,3
44622,3
44624,3
44629,3
44630,3
44636,3
44647,3
44658,3
44664,3
44670,3
44676,3
44678,3
44682,3
44684,3
44685,3
44692,4
44706,4
44711,4
44747,1
44751,1
44753,1
44754,1
44761,1
44767,1
44769,1
44774,1
44786,1
44787,1
44789,1
44791,1
44796,1
44804,2
44807,2
44811,2
44821,2
44826,2
44829,2
44830,2
44832,2
44834,2
44835,2
44840,2
44857,3
44868,3
44877,3
44892,3
44911,3
44915,3
44917,3
44933,3
44934,3
44936,3
44940,3
44956,4
44965,4
44974,4
44975,4
44993,4
45001,4
45025,3
45031,3
45035,3
45037,3
45043,3
45047,3
45048,3
45050,3
45053,3
45062,3
45066,3
45078,3
45084,3
45087,3
45095,3
45096,3
45097,3
45106,4
45126,4
45132,4
45138,4
45151,4
45154,2
45188,3
45200,3
45204,3
45207,3
45212,3
45224,3
45234,3
45240,3
45241,3
45248,3
45262,4
45272,4
45276,4
45278,4
45281,4
45290,4
45293,4
45299,4
45304,4
45315,2
45317,2
45319,2
45324,2
45325,2
45328,2
45331,2
45336,2
45342,2
45344,2
45348,3
45352,3
45366,3
45368,3
45370,3
45377,3
45378,3
45380,3
45385,3
45391,3
45398,3
45400,3
45401,3
45410,3
45426,3
45435,3
45458,4
45460,4
45475,4
45479,4
45482,4
45491,4
45495,4
45498,1
45503,1
45506,1
45509,1
45547,1
45578,1
45579,1
45580,1
45587,2
45595,2
45609,2
45615,2
45617,2
45619,2
45621,2
45647,3
45649,3
45665,3
45666,3
45670,3
45673,3
45685,3
45694,3
45696,3
45716,3
45718,3
45720,3
45721,3
45731,3
45741,4
45743,4
45749,4
45759,4
45770,4
45772,4
45799,3
45800,3
45810,3
45814,3
45818,3
45832,3
45833,3
45836,3
45848,3
45871,4
45876,4
45887,4
45899,4
45903,4
45904,4
45905,4
